Topic,Category,Level,Resource,Author / Provider,Course Code ,Prerequisite,Priority in Website ,CSU Class,Best for (goal),Link,URL Link,Use in Website Y/M,Notes 
HPC,Books / eBooks,Advanced,ACM Digital Library: Hiearchal Progressive Coding Framework for Volumetric Video,ACM Digital Library,N/A,N/A,2,N,Accessing HPC Code for 3d effects,HPC: Hierarchical Progressive Coding Framework for Volumetric Video | Proceedings of the 32nd ACM International Conference on Multimedia,https://dl.acm.org/doi/10.1145/3664647.3681107,Y,May be a dense research paper however it contains valuable information for HPC applications. 
Unix,Online Courses / Structured Learning Paths,Beginner,Allison: Unix/Linux and Shell Scirpting - Crash Course,Allison ,N/A,N/A,1,N,Familiarizing yourself with basic unix commands,"Free Online Unix, Linux and Shell Scripting Crash Course | Alison",https://alison.com/course/unix-linux-and-shell-scripting-crash-course?msockid=2a68803dd7c7641b346696e4d6066551,Y,Good course for becoming fluent in Unix commands 
N/A,Applied / Domain-Specific Resources,Advanced,Amirhossein Nazerian: ResearchGate ,Amirhossein Nazerian,N/A,N/A,,N,Learning about applications to modeling and simulations,"Amirhossein NAZERIAN | PostDoc Position | Doctor of Philosophy | Colorado State University, Fort Collins | CSU | Mechanical Engineering | Research profile",https://www.researchgate.net/profile/Amirhossein-Nazerian,M,
SQL,Online Courses / Structured Learning Paths,Intermediate,Analyze Data with SQL,Code Academy,N/A,N/A,1,N,Analyzing large datasets with SQL as well as preparation for technical interviews ,Analyze Data with SQL | Codecademy,https://www.codecademy.com/learn/paths/analyze-data-with-sql,Y,Good for more code learning resources and career development
Matlab,Applied / Domain-Specific Resources,Advanced,Applications of MATLAB In Engineering,Ijraset,N/A,N/A,1,N,Applying matlab skills to engineering practices,Applications of MATLAB in Engineering,https://www.ijraset.com/research-paper/applications-of-matlab-in-engineering,Y,Good source for learning applicable matlab coding skills 
JavaScript,Documentation / Reference / Practice,Advanced,Ariana Mims: Github,Ariana Mims:,N/A,N/A,1,N,Coding to create a game via blockchain,BlockchainTermProject/contracts/Betting.sol at main · Aricmims/BlockchainTermProject,https://github.com/Aricmims/BlockchainTermProject/blob/main/contracts/Betting.sol,M,Specific application that may not be best for informing java coding 
AI,Documentation / Reference / Practice,Intermediate,Asabenhur: Github ,Sarath Sreedharan,N/A,N/A,1,N,Supporting information for introductory machine learning,sarathsreedharan/CS345: Jupyter,https://github.com/sarathsreedharan/CS345,Y,"Strong Documentation, have some courses for machine learning from CSU though. "
Python,Video Courses / Structured Learning Paths,Beginner,Automate the Boring Stuff (Videos),Al Sweigart,N/A,N/A,1,N,learning how to use automation; productivity; and scripting,https://www.youtube.com/playlist?list=PL0-84-yl1fUnRuXGFe_F7qSH1LEnn9LkW,https://www.youtube.com/playlist?list=PL0-84-yl1fUnRuXGFe_F7qSH1LEnn9LkW,Y,Imoprtant learning concepts for future coding work 
Python,Books / eBooks,Beginner,Automate the Boring Stuff with Python,Al Sweigart,N/A,N/A,1,N,Learning more about automation and real-world scripting,https://automatetheboringstuff.com/,https://automatetheboringstuff.com/,Y,Good for learning how to atuomate processes 
Bash,Books / eBooks,Intermediate,Awesome-Bash: Gitub,Awesome-Bash,N/A,N/A,1,N,Accessing bash scripts and useful resources ,awesome-lists/awesome-bash: A curated list of delightful Bash scripts and resources.,https://github.com/awesome-lists/awesome-bash,Y,Good resource for making Bash coding easier 
Bash,Online Courses / Structured Learning Paths,Beginner,Bash/Shell Courses,CodeAcademy,N/A,N/A,1,N,Learning the basics of bash coding,Bash/Shell Courses & Tutorials | Codecademy,,,
R,Documentation / Reference / Practice,Advanced,Brian Gerber: Github,Brian Gerber,N/A,N/A,1,N,modeling for biological habitat applications using R,bgerber123 (Brian Gerber),https://github.com/bgerber123/,M,"Interesting application for R, may be to specific of an application "
R,Documentation / Reference / Practice,Intermediate,Brian Gerber: Github,Brian Gerber,N/A,N/A,1,N,Learning to use for loops for simulating purposes,R-Code-Things/for.loops.r at main · bgerber123/R-Code-Things,https://github.com/bgerber123/R-Code-Things/blob/main/for.loops.r,Y,Teaches a valuable R Related coding skill with advanded applications 
R,Documentation / Reference / Practice,Intermediate,Brooke Anderson: Github,Brooke Anderson,N/A,N/A,1,N,Using R for climate and weather based research ,geanders (Brooke Anderson),https://github.com/geanders,M,May be to specific of an application of R but it provides beneficial applications 
HTML,Online Courses / Structured Learning Paths,Advanced,Build a Website with HTML ,Code Academy ,N/A,N/A,2,N,Learning how to build a website using HTML and other coding languages,"Build a Website with HTML, CSS, and GitHub Pages | Codecademy",https://www.codecademy.com/learn/paths/learn-how-to-build-websites,Y,Well put together introductory course for HTML 
Matlab,Online Courses / Structured Learning Paths,Beginner,Build Matlab Proficiency,Matlab help center,N/A,N/A,1,N,Developing a strong matlab foundation for more challenging applications,https://matlabacademy.mathworks.com/details/build-matlab-proficiency/lpmlbmp,https://matlabacademy.mathworks.com/details/build-matlab-proficiency/lpmlbmp,Y,Important materials for future matlab applications 
JavaScript,Online Courses / Structured Learning Paths,Intermediate,Building Interactive JavaScript Websites,Code Academy,N/A,N/A,1,N,Building a website using JavaScript,Building Interactive JavaScript Websites | Codecademy,https://www.codecademy.com/learn/build-interactive-websites,Y,Will need to decide on courses we want to use for this purpose 
C/C++,Online Courses / Structured Learning Paths,Beginner - Advanced,C++ Courses,Code Academy ,N/A,N/A,1,N,Accessing a variety of C & C ++ coding courses,C++ (C Plus Plus) Courses & Tutorials | Codecademy,https://www.codecademy.com/catalog/language/c-plus-plus,M,Wide array of coding material! (Specific material is inside the webpage 
"Geospatial, R",Documentation / Reference / Practice,Advanced,Caitlin Mothes: Github ,Caitlin Mothes,N/A,N/A,2,N,"Applying R code to various environmental justice, GIS, and research applications",ccmothes (Caitlin Mothes),https://github.com/ccmothes,Y,Good source of R Code for example learning 
N/A,Online Courses / Structured Learning Paths,New to Programming,Choosing a Programming Language ,Code Academy ,N/A,N/A,1,N,Understanding the applications and benefits of different programming languages ,Choosing a Programming Language | Codecademy,https://www.codecademy.com/learn/choosing-a-programming-language-track,Y,good for beginner coders may not be super specific to any certain language 
Excel,Online Courses / Structured Learning Paths,Beginner,Code Academy: Analyze Data with Microsoft Excel,Code Academy ,N/A,N/A,1,N,Learning how to visualize and analyze data in excel spreadsheets ,Analyze Data with Microsoft Excel | Codecademy,https://www.codecademy.com/learn/analyze-data-with-microsoft-excel-2021,Y,Has some good intermediate excel applications such as visualization 
AI,Video Courses / Structured Learning Paths,Advanced,Code Academy: Data and Programming Foundations for AI,Code Academy ,N/A,N/A,1,N,Learning foundational AI skills and implementing python into AI coding ,Data and Programming Foundations for AI | Codecademy,https://www.codecademy.com/learn/paths/machine-learning-ai-engineering-foundations,Y,Good Intermediate - Advanced material for python & AI. 
Excel,Video Courses / Structured Learning Paths,Beginner,Code Academy: Excel Basics,Code Academy ,N/A,N/A,1,N,Learning to use basic excel functions ,Excel Basics | Codecademy,https://www.codecademy.com/learn/excel-basics-course,M,Multiple courses like this already provided. May have to choose which to pick from 
AI,Video Courses / Structured Learning Paths,New to Programming,Code Academy: Intro to Vibe Coding,Code Academy,N/A,N/A,2,N,Learning how to  use AI to assist in coding,Just a moment...,https://www.codecademy.com/learn/intro-to-vibe-coding,M,Could be good but we might not want to use it to teach students... 
N/A,Online Courses / Structured Learning Paths,New to Programming,Code Foundations,Code Academy ,N/A,N/A,1,N,Getting a strong all around foundation for coding as well as a certification ,Code Foundations | Codecademy,https://www.codecademy.com/learn/paths/code-foundations,Y,good for beginner coders may not be super specific to any certain language 
C/C++,Online Courses / Structured Learning Paths,Intermediate,CodeAcademy: C# Courses,Code Academy ,N/A,N/A,3,N,Learning how to use C# ,C# (C Sharp) Courses & Tutorials | Codecademy,https://www.codecademy.com/catalog/language/c-sharp?g_network=o&g_productchannel=&g_adid=&g_locinterest=&g_keyword=c%23%20course&g_acctid=243-039-7011&g_adtype=&g_keywordid=kwd-79508828698092:loc-4085&g_ifcreative=&g_campaign=account&g_locphysical=94007&g_adgroupid=1272135574815019&g_productid=&g_source=%7bsourceid%7d&g_merchantid=&g_placement=&g_partition=&g_campaignid=370314508&g_ifproduct=&utm_id=t_kwd-79508828698092:loc-4085:ag_1272135574815019:cp_370314508:n_o:d_c&msclkid=b3aaebd84a3d1750399581ce49575358&utm_source=bing&utm_medium=cpc&utm_campaign=US%20-%20Exact&utm_term=c%23%20course&utm_content=C%23,M,Good intro tutorial course but it is not focused on C or C++ 
AI,Video Courses / Structured Learning Paths,New to Programming,CodeAcademy: Learn Prompt Engineering,Code Academy,N/A,N/A,2,N,Effectively generating AI prompts,Learn Prompt Engineering | Codecademy,https://www.codecademy.com/learn/learn-prompt-engineering,M,Good for learning how to us AI but not for coding with AI 
Bash,Online Courses / Structured Learning Paths,Advanced,CodeAcademy: Software Engineering for Data Scientists,CodeAcademy,N/A,N/A,1,N,Getting a certification focused on software engineering using bash and python coding ,Software Engineering for Data Scientists | Codecademy,https://www.codecademy.com/learn/paths/software-engineering-for-data-scientists,Y,Contains other coding softwares such as Python & Command line. Software engineering certification. seems like an all encompassing Course which could be good 
Bash,Online Courses / Structured Learning Paths,Intermediate,CodeAcedemy: Learn Bash Scripting ,CodeAcademy,N/A,N/A,2,N,Learning to script code with bash,Learn Bash Scripting | Codecademy,https://www.codecademy.com/learn/bash-scripting,M,"Strong introduction Course for Bash, free; and open access . We may have some more robust courses already "
SQL,Online Courses / Structured Learning Paths,Beginner,Codefinity: Introduction to SQL ,Codefinity,N/A,N/A,2,N,Understanding the basics of SQL,Introduction to SQL Course - Online Learning with Certificate,https://codefinity.com/courses/v2/b3ddb247-eebc-4cd4-a859-0d9c1428d0bf?utm_source=bing&utm_medium=cpc&utm_campaign=569548026&utm_content=1174280248644706&utm_term=how%20to%20use%20sql%20for%20beginners&msclkid=791b78ad00c31701f51412bbfcb884b8,Y,
SQL,Online Courses / Structured Learning Paths,Intermediate,Codez Up: SQL for big data: Handling Large Scale Datasets,Codez up,N/A,N/A,1,N,Applying basic coding languages to large scale SQL datasets ,SQL for Big Data: Handling Large-Scale Data Sets,https://codezup.com/sql-for-big-data-handling-large-scale-data-sets/,Y,Excellent advanced application for coding knowledge in all languages 
Python,Applied / Domain-Specific Resources,Beginner,Coding and Cookies: Python,Coding and Cookies,N/A,N/A,1,N,Accessing python coding resources such as workshops and online lessons,Python - Coding and Cookies - Research Guides at Colorado State University Fort Collins,https://libguides.colostate.edu/coding-cookies/python,Y,Good all around resource for learning python and getting help 
R,Applied / Domain-Specific Resources,Beginner,Coding and Cookies: R,Coding and Cookies,N/A,N/A,1,N,Accessing introductory R material and online resources,,https://libguides.colostate.edu/coding-cookies/r,Y,Good resource for learning R and getting help 
R,Applied / Domain-Specific Resources,Advanced,CUAHSI Hydroinformatics Portal,CUAHSI,N/A,N/A,1,N,Water data science; hydro informatics,,https://water-content-portal.cuahsi.io/hydroinformatics/,M,Appears to be a good source of information but it may be to specific 
Matlab,Online Courses / Structured Learning Paths,Intermediate,Data Analysis in Matlab ,Matlab Help Center ,N/A,N/A,1,N,Learning how to analyze complex datasets for broad applications,https://matlabacademy.mathworks.com/details/data-analysis-in-matlab/lpmldam,https://matlabacademy.mathworks.com/details/data-analysis-in-matlab/lpmldam,Y,Excelent for learning how to apply matlab concepts 
C/C++,Documentation / Reference / Practice,Advanced,Dharma Hoy: Github,Dharma Hoy,N/A,N/A,1,N,Using C++ to create a gitHub package,dharmahoy/STAT600-HW1-SimpLinHoy: Creation of SimpLin Rcpp package for STAT 600 HW1,https://github.com/dharmahoy/STAT600-HW1-SimpLinHoy,M,"Code was mainly for the use of sharing a package but this has the package creation code and accessing within it, could be a little confusing for some. "
Geospatial,Documentation / Reference / Practice,Intermediate,Dharma Hoy: Github,Dharma Hoy,N/A,N/A,2,N,Use R studio for various GIS and game making applications,dharmahoy/STAT600-HW1-SimpLinHoy: Creation of SimpLin Rcpp package for STAT 600 HW1,https://github.com/dharmahoy/STAT600-HW1-SimpLinHoy,M,"May be to specific of an R application, howver it promises strong coding benefits "
Python,Books / eBooks,Intermediate,Dive Into Python 3,Mark Pilgrim,N/A,N/A,2,N,Deepening your understanding of python,https://diveintopython3.net/,https://diveintopython3.net/,Y,Has material ranging from installling python to case study applications 
C/C++,Documentation / Reference / Practice,Advanced,dsoprea: github,dsoprea:github ,N/A,N/A,1,N,Using C++ to filter through a website for key information ,"dsoprea/QtExample: A QT C++ development example showcasing API access, webpage embedding, webpage content analysis, GPS polling, and Bluetooth scanning.",https://github.com/dsoprea/QtExample,Y,Good C course that may also have some SQL Applications 
Bash,Documentation / Reference / Practice,Intermediate,dylanaraps: Github,dylanaraps,N/A,N/A,1,N,Using built in bash processes to make codes run more efficient and reduce dependencies on scripts ,dylanaraps/pure-bash-bible: 📖 A collection of pure bash alternatives to external processes.,https://github.com/dylanaraps/pure-bash-bible,Y,"This is the Bash Bible, can be good for upper level Bash learning but may be overwhelming for initial learning "
Geospatial,Documentation / Reference / Practice,Beginner,Elizabeth Tulanowski: Github ,Elizabeth Tulanowski,N/A,N/A,1,N," Learning foundational python skills, including data analysis and data acquisition ",hethbill/PythonSamples: Simple Python samples to share with students,https://github.com/hethbill/PythonSamples,M,Excelent instructor with beneficial materials. Not course oriented though 
R,Books / eBooks,Intermediate,Ellison Carter: Google Scholar,Ellison Carter,N/A,N/A,1,N,Learning air pullulation tracking concepts,‪Ellison Carter‬ - ‪Google Scholar‬,https://scholar.google.com/citations?user=q0hxm_gAAAAJ&hl=en,M,Research Paper may not contain all necessary code 
HPC,Documentation / Reference / Practice,Advanced,Erin Nishimura: github,Erin Nishimura,N/A,N/A,1,N,Learning how to create scripts and analyzing data for biological applications,"erinosb/RAS-MAPK-Mitosis: Companion scripts, software, and data analysis to: Hyper-active RAS/MAPK introduces cancer-specific mitotic vulnerabilities",https://github.com/erinosb/RAS-MAPK-Mitosis,M,"Specific application, may not be fully applicable to learning HTML code "
N/A,Documentation / Reference / Practice,Advanced,Erin Nishimura: github,Erin Nishimura,N/A,N/A,,N,Learning biological coding applications from CSU DSCI 512 course,"erinosb/2024_RNAseq_PE_array: DSCI512: 2024: Course pipeline with quality control, alignment, tabulation, and format conversion for paired-end, short read RNA-seq projects. New this year - run in ARRAY format",https://github.com/erinosb/2024_RNAseq_PE_array,M,
Geospatial,Books / eBooks,Beginner,Essentials of Geographic Information Systems,Open Textbook LIbrary,N/A,N/A,1,N,Introductory book for mapping and GIS ,Essentials of Geographic Information Systems - Open Textbook Library,https://open.umn.edu/opentextbooks/textbooks/67,Y,Excellent all around introductory geospatial material 
HTML,Documentation / Reference / Practice,Intermediate,Evan Anspach: Github,Evan Anspach,N/A,N/A,1,N,Understanding HTML code and how it can be used ,Abalone/README.md · master · Data Science Dojo / datasets · GitLab,https://code.datasciencedojo.com/datasciencedojo/datasets/-/blob/master/Abalone/README.md?ref_type=heads,M,"Good course, we will need to look at the different HTML courses we have. "
Python,Documentation / Reference / Practice,Beginner,Evan Anspach: Github,Evan Anspach,N/A,N/A,1,N,Practicing python code ,https://github.com/Evanans/CS150B-Lab-Instructions,https://github.com/Evanans/CS150B-Lab-Instructions,Y,Good to practice python related skillls 
Excel,Applied / Domain-Specific Resources,Beginner,Excel Functions: Complete List by Category,Spreadsheet Planet ,N/A,N/A,1,N,Learning about different types of excel functions ,Excel Functions: Complete List by Category,https://spreadsheetplanet.com/excel-functions/,Y,Very nice introductory cmaterial 
Python,Documentation / Reference / Practice,Beginner,GeeksforGeeks Python Tutorial,GeeksforGeeks,N/A,N/A,2,N,Getting a general overview of python coding,https://www.geeksforgeeks.org/python/python-programming-language-tutorial/,https://www.geeksforgeeks.org/python/python-programming-language-tutorial/,M,May not contain a ton of information like some other resources 
Unix,Books / eBooks,New to Programming,GeeksforGeeks: Introduction to Unix System,GeeksforGeeks,N/A,N/A,1,N,Developing a basic understanding of unix code,what is Unix Coding - Search,https://www.geeksforgeeks.org/linux-unix/introduction-to-unix-system/,Y,All Unix Courses are good for intro level Unix coding. I am working on finding more advanced applications. 
Geospatial,Applied / Domain-Specific Resources,Beginner - Advanced,Geo University Online Platform (Pay Wall) ,Geo University,N/A,N/A,1,N,Accessing any and all GIS materials ,GIS and Earth Observation University,https://www.geo.university/,Y,Wide array of GIS materials for all levels of learning. courses inside are specific to  certain concepts. 
Geospatial,Video Courses / Structured Learning Paths,Beginner,Geospatial Data Science with R ,Watch&Learn with Dr. XP,N/A,N/A,1,N,Learning to use r studio for GIS applications ,Video Trailer: Geospatial Data Science with R (Online Course),https://www.youtube.com/watch?v=sDYUUzyaUM8&list=PLn_S1vjm5cr29NH4BwcgG-K31_VG6dgtm,Y,Good for learning more intermediate applications of R 
Bash,Online Courses / Structured Learning Paths,Beginner,Getting Started Off - Platform for Data Science,Code Academy ,N/A,N/A,1,N,Using bash to work on data science related work on your computer ,,https://www.codecademy.com/learn/getting-started-off-platform-for-data-science,Y,Relevant course material for our purposes in BASH 
Geospatial,Applied / Domain-Specific Resources,Beginner,GIS Basics (Log in required) ,ESRI,N/A,N/A,1,N,Learning basic GIS skills via ArcGIS ,GIS Basics | Esri Training Web Course,https://www.esri.com/training/catalog/5d9cd7de5edc347a71611ccc/gis-basics/,Y,Exceelent introductory course for GIS 
Geospatial,Online Courses / Structured Learning Paths,Intermediate,GIS For Natural Resource Management,University of Minnesota,N/A,N/A,2,N,Accessing supplementary course materials on GIS ,FNRM 3131 (On-line) - GIS For Natural Resource Management | GIS Courses,https://giscourses.cfans.umn.edu/fnrm3131,Y,This is a very good couse for GIS that is not paywalled 
R,Documentation / Reference / Practice,Beginner,Guarav Jetly: Github,Guarav Jetly,N/A,N/A,2,N,Accessing foundational tools for R through workshop ,gauravjetley/R-Programming-workshop,https://github.com/gauravjetley/R-Programming-workshop,Y,very nice R concept introduction 
Matlab,Applied / Domain-Specific Resources,Advanced,Hack Your Carbon Impact Workshop: Carbon Footprint Calculator & Action Tracker,werixx1,N/A,N/A,2,N,Learning how to utilize matlab for climate action applications,,https://github.com/werixx1/CarbonImpactTracking_MATLAB_EXPO_2025,Y,"Can serve as a good example application of Matlab, has tutorial information as well "
Matlab,Online Courses / Structured Learning Paths,Beginner,Handle Inconsistent and Unstructured Data Files ,Matlab Help Center ,N/A,N/A,1,N,Learning how to clean data and make it organized ,https://matlabacademy.mathworks.com/details/handle-inconsistent-and-unstructured-data-files/lpmlhiu,https://matlabacademy.mathworks.com/details/handle-inconsistent-and-unstructured-data-files/lpmlhiu,Y,Good data science related matlab courses 
R,Books / eBooks,Beginner,Hands-On Programming with R,Garrett Grolemund,N/A,N/A,1,N,Learning programming fundamentals in R,https://rstudio-education.github.io/hopr/,https://rstudio-education.github.io/hopr/,Y,Excellent introductory R materials 
AI,Documentation / Reference / Practice,Intermediate,Haonen Chen: Github,Haonen Chen,N/A,N/A,1,N,Learning to utilize software that assists with iterative development and AI review ,haonan16/duo,https://github.com/haonan16/duo,Y,Good AI Application that isn't paywalled! 
Geospatial,Documentation / Reference / Practice,Intermediate,Haonen Chen: Github,Haonen Chen,N/A,N/A,2,N,Learning to use python for remote sensing and grounding applications using Mast3r software,haonan16 (Haonan Chen),https://github.com/haonan16,Y,May be to specific but can provide a good application for python and GIS 
Python,Documentation / Reference / Practice,Advanced,Haonen Chen: Github,Haonen Chen,N/A,N/A,1,N,Python applications for AI and robot learning,haonan16/duo,https://github.com/haonan16/duo,Y,Relevant and complex applications 
Python,Documentation / Reference / Practice,Advanced,Haonen Chen: Github,Haonen Chen,N/A,N/A,1,N,Utilizing python to detect 2d pixels in 3d spaces,haonan16/duo,https://github.com/haonan16/duo,M,May be to specific/complex of an applicaiton
Python,Documentation / Reference / Practice,Advanced,Haonen Chen: Github,Haonen Chen,N/A,N/A,2,N,Utilizing python for robot learning,haonan16/duo,https://github.com/haonan16/duo,Y,Good advanced application of Python 
HTML,Online Courses / Structured Learning Paths,Intermediate,How to Deploy a Website,Code Academy ,N/A,N/A,1,N,Learning the different website deploying pages and how to use them ,How to Deploy a Website | Codecademy,https://www.codecademy.com/learn/deploy-a-website,Y,good for introductory coders to understand how to deploy websites for differnet purposes 
HPC,Online Courses / Structured Learning Paths,Beginner,HPC Lab: HPC Launch Workshop,HPC Lab,N/A,N/A,1,N,Learning HPC code and best practices for using it ,launch-requirements – HPC Lab,https://hds-sandbox.github.io/HPC-lab/workshop/launch-requirements.html,Y,Good to provide a broad overview of HPC and generate coding fluency. Can open doors for applications of interest with students
HTML,Online Courses / Structured Learning Paths,Beginner - Advanced,HTML Learning Courses,Code Academy ,N/A,N/A,2,N,Accessing a wide range of HTML courses and their applications ,Best HTML + CSS Courses & Tutorials | Codecademy,https://www.codecademy.com/catalog/language/html-css,M,Wide array of coding material! (Specific material is inside the webpage 
N/A,Applied / Domain-Specific Resources,Intermediate,Integrated Urban Water Modeling Platform,Mazdak Arabi,N/A,N/A,,N,Modeling applications for mass balance approaches,Integrated Urban Water Modeling Platform – CSU STRATA,https://csustrata.org/technology-transfer/available-technology/integrated-urban-water-modeling-platform/,M,Advanced and specific application for modeling 
SQL,Online Courses / Structured Learning Paths,Beginner,Intro to SQL,Code Academy,N/A,N/A,2,N,Learning basic SQL skills ,Learn SQL: Aggregate Functions | Codecademy,https://www.codecademy.com/learn/learn-sql-aggregate-functions,Y,Good for introducing students to SQL and data management 
AI,Video Courses / Structured Learning Paths,Beginner,Introduction to Artificial Intelligence,Sage Campus,N/A,N/A,1,N,Accessing fundamental AI skills ,https://classroom.sagepub.com/course/view.php?id=67,https://classroom.sagepub.com/course/view.php?id=67,Y,Good Free AI Intro Course to compete with CSU courses 
Unix,Online Courses / Structured Learning Paths,Beginner,Introduction to Command Line,Code Academy,N/A,N/A,1,N,Accessing all around basic linux environment introductions. ,,https://www.codecademy.com/learn/intro-to-the-command-line,M,Good to introduce students to Linux which is very similar to unix 
R,Books / eBooks,Beginner,Introduction to R,Multiple authors,N/A,N/A,2,N,Accessing foundational concepts and basics of R,https://intro2r.com/,https://intro2r.com/,Y,Decent introductory materials 
R,Applied / Domain-Specific Resources,Beginner,Introduction to R Seminar,UCLA,N/A,N/A,1,N,"Accessing R material for downloading packages, vectors, datasets, variables, and work sharing document types ",Introduction to R Seminar,https://stats.oarc.ucla.edu/r/seminars/intro/,M,Very good slideshow for R basics but not much else 
AI,Documentation / Reference / Practice,Advanced,Jeff Nieman: Github,Jeff Nieman,N/A,N/A,1,N,Learning how to apply code to AI and modeling,jeff-niemann (Jeff Niemann),https://github.com/jeff-niemann/,M,Commonly types of modeling not clearly defined 
AI,Applied / Domain-Specific Resources,Intermediate,Jesse Burkhardt: Website ,Jesse Burkhardt ,N/A,N/A,1,N,Learning more about air pollution monitoring and econometric analysis,Jesse Burkhardt - Research,https://sites.google.com/site/burkhaj/home/research?authuser=0,M,Good course but it may be too specific and distantly related from our goals 
Python,Documentation / Reference / Practice,Advanced,Jesse Wilson: Github ,Jesse Wilson ,N/A,N/A,1,N,Learning technical and biological python  applications,wilsonjwcsu (Jesse Wilson),https://github.com/wilsonjwcsu,M,May be to specific of an application for python use 
Geospatial,Documentation / Reference / Practice,Intermediate,Jessica Oconnell: Github ,Jessica Oconnell,N/A,N/A,1,N,Using R for remote sensing applications,jloconnell (Jessica L O'Connell),https://github.com/jloconnell/,Y,Another good appolication for R and GIS that is more specific 
HTML,Documentation / Reference / Practice,Beginner,Jessica Oconnell: Github ,Jessica Oconnell,N/A,N/A,1,N,Creating a website with HTML code,jloconnell/jloconnell.github.io: Code to generate projects page https://jloconnell.github.io,https://github.com/jloconnell/jloconnell.github.io,Y,Another good course for learing to create websites with HTML code 
N/A,Applied / Domain-Specific Resources,Beginner,JMP: Statistical Discovery ,JMP,N/A,N/A,,N,Learning to use JMP coding software for dataset analysis ,https://www.bing.com/ck/a?!&&p=08c97528ceeaaaaff317b0fbcbc4ad21c994bbbaf4b352153a9bfa16873e77e4JmltdHM9MTc3OTc1MzYwMA&ptn=3&ver=2&hsh=4&fclid=2a68803d-d7c7-641b-3466-96e4d6066551&psq=what+coding+does+JMP+software+use&u=a1aHR0cHM6Ly93d3cuam1wLmNvbS9jb250ZW50L2RhbS9qbXAvZG9jdW1lbnRzL2VuL3N1cHBvcnQvam1wMTgyL3NjcmlwdGluZy1ndWlkZS5wZGY,https://www.jmp.com/support/help/en/19.1/jmp/introduction-to-writing-jsl-scripts.shtml,M,Could be a good course but it's not the coding languages were looking for 
R,Books / eBooks,Beginner,John Volckens: Coursebook,John Volckens,N/A,N/A,1,N,Learning a wide array of R concepts ,https://smogdr.github.io/edar_coursebook/,https://smogdr.github.io/edar_coursebook/,Y,Good for getting comfortable with R concepts that are for beginners as well as advanced coders 
Geospatial,Documentation / Reference / Practice,Intermediate,Kai Jeffreys : Github ,Kai Jeffreys,N/A,N/A,1,N,Learning to use Python to build raster layers ,https://github.com/kaijeffreys/ForestedWetlands,https://github.com/kaijeffreys/ForestedWetlands,Y,Good application for GIS Services with python 
Geospatial,Documentation / Reference / Practice,Intermediate,Kai Jeffreys : Github ,Kai Jeffreys,N/A,N/A,2,N,Building raster layers using R,https://github.com/kaijeffreys/WIP,https://github.com/kaijeffreys/WIP,Y,good specific R application for GIS 
GitHub,Documentation / Reference / Practice,Beginner,Kai Jeffreys : Github ,Kai Jeffreys,N/A,N/A,1,N,Building a repository,short_lab4/short-lab-04_github.Rmd at main · kaijeffreys/short_lab4,https://github.com/kaijeffreys/short_lab4/blob/main/short-lab-04_github.Rmd,Y,Code provides information on how to get set up on github but not much infromation on how to build a full repo 
Excel,Applied / Domain-Specific Resources,Intermediate,Kawser Ahmed,Excel Demy ,N/A,N/A,2,N,Understanding how to write VBA Code,How to Write VBA Code in Excel (With Easy Steps) - ExcelDemy,https://www.exceldemy.com/how-to-write-vba-code-in-excel/,Y,Another good course for learning to use VBA code in excel. 
Python,Video Courses / Structured Learning Paths,New to Programming,Khan Academy - Intro to Python,Khan Academy,N/A,N/A,1,N,Introducing oneself to python  ,https://www.khanacademy.org/computing/intro-to-python-fundamentals,https://www.khanacademy.org/computing/intro-to-python-fundamentals,Y,Newbie programmers and coders 
C/C++,Online Courses / Structured Learning Paths,Beginner,Learn C++,Code Academy ,N/A,N/A,2,N,Learning how to use C++ coding,,https://www.codecademy.com/learn/learn-c-plus-plus,Y,Introduction to C coding 
N/A,Online Courses / Structured Learning Paths,New to Programming,Learn how to Code,Code Academy ,N/A,N/A,1,N,Learning the coding basics ,Learn How to Code | Codecademy,https://www.codecademy.com/learn/learn-how-to-code,Y,good course for brand new programmers 
HTML,Online Courses / Structured Learning Paths,Beginner,Learn HTML,Code Academy ,N/A,N/A,1,N,Learning the HTML coding basics,Learn HTML Code | Codecademy,https://www.codecademy.com/learn/learn-html,Y,Another good intrroduction course for HTML 
HTML,Online Courses / Structured Learning Paths,Beginner,Learn HTML: Fundamentals,Code Academy ,N/A,N/A,2,N,Fundamental HTML applications for website purposes ,Learn HTML: Fundamentals | Codecademy,https://www.codecademy.com/learn/learn-html-fundamentals,Y,good for accessing webiste applications of HTML and how to do so. 
C/C++,Online Courses / Structured Learning Paths,Intermediate,Learn Intermediate C++ ,Code Academy ,N/A,N/A,1,N,Understanding more complex C++ concepts beyond introduction,,,Y,good advanced material for C coding 
C/C++,Online Courses / Structured Learning Paths,Intermediate,Learn Object Oriented Programming with C++,Code Academy ,N/A,N/A,1,N,Learning object oriented programming concepts with C++,,,Y,good advanced material for C coding 
SQL,Online Courses / Structured Learning Paths,Beginner,Learn SQL,Code Academy ,N/A,N/A,1,N,Learning introductory SQL concepts and skills ,Learn SQL: Multiple Tables | Codecademy,https://www.codecademy.com/learn/learn-sql-multiple-tables,Y,Good for introducing students to SQL and data management 
SQL,Online Courses / Structured Learning Paths,Intermediate,Learn SQL: Aggregate Functions,Code Academy,N/A,N/A,1,N,Applying SQL functions to perform calculations ,,https://www.codecademy.com/learn/learn-sql-aggregate-functions,Y,Excellent application of SQL 
SQL,Online Courses / Structured Learning Paths,Beginner,Learn SQL: Multiple Tables,Code Academy,N/A,N/A,1,N,Joining and working with multiple different tables in SQL ,Learn SQL: Multiple Tables | Codecademy,https://www.codecademy.com/learn/learn-sql-multiple-tables,Y,More intermediate applications of SQL for student learning 
Bash,Online Courses / Structured Learning Paths,Beginner,Learn the Command line ,CodeAcademy,N/A,N/A,1,N,learning to use the command line for file management,Learn the Command Line | Codecademy,https://www.codecademy.com/learn/learn-the-command-line,Y,Good concepts for using BASH 
Python,Video Courses / Structured Learning Paths,Beginner - Advanced,LinkedIn Learning - Python Courses (paywalled),LinkedIn Learning,N/A,N/A,2,N,Accessing structured career learning and associating it with python related skills ,https://www.linkedin.com/learning/search?keywords=python,https://www.linkedin.com/learning/search?keywords=python,M,Paywalled python course 
Bash,Books / eBooks,Intermediate,LinuxConfig: Bash Scripting Tutorial For Beginners,LinuxConfig,N/A,N/A,1,N,Understanding the basics of bash scripts ,Bash Shell Scripting: A Beginner's Guide,https://linuxconfig.org/bash-scripting-tutorial-for-beginners,Y,Most Bash resources seemd more introductory. It was difficult to find advanced applications but these will be good resources to learn the code 
Python,Documentation / Reference / Practice,Advanced,Logan Seabolt: Github,Logan Seabolt,N/A,N/A,1,N,Applying python code to research,Logan-Seabolt-Research/Testzone.py at main · Logan-Seabolt/Logan-Seabolt-Research,https://github.com/Logan-Seabolt/Logan-Seabolt-Research/blob/main/Testzone.py,Y,Good example application for python focused on research. 
Python,Documentation / Reference / Practice,Beginner,Logan Seabolt: Github ,Logan Seabolt ,N/A,N/A,1,N,Practicing if-statements ,Logan-Seabolt/Lab04ChoicesRamDesk: Data type/Control Flow aplication lab,https://github.com/Logan-Seabolt/Lab04ChoicesRamDesk,Y,Good Python skill that is applicable to other coding languages and softwares 
Matlab,Applied / Domain-Specific Resources,Beginner,Mathworks: Matlab help center,Mathworks ,N/A,N/A,1,N,"Learning how to use matlab programming, scripts, arrays, and visualizations",Get Started with MATLAB,https://www.mathworks.com/help/matlab/getting-started-with-matlab.html,Y,Good for learning matlab concepts with a prior understanding of how to use matlab 
Matlab,Applied / Domain-Specific Resources,Intermediate,MATLAB and it's applications for data science and machine learning ,Marco Giancola,N/A,N/A,1,N,Learning about matlab data applications and how to use them ,(24) MATLAB and its applications in Data Science and Machine Learning | LinkedIn,https://www.linkedin.com/pulse/matlab-its-applications-data-science-machine-learning-marco-giancola-letyf/,Y,Good for applying matlab to data based applications. 
Matlab,Online Courses / Structured Learning Paths,Intermediate,Matlab desktop tools and troubleshooting scripts ,Matlab Help Center ,N/A,N/A,1,N,Troubleshooting scripts and optimizing your work environment ,https://matlabacademy.mathworks.com/details/matlab-desktop-tools-and-troubleshooting-scripts/otmldts,https://matlabacademy.mathworks.com/details/matlab-desktop-tools-and-troubleshooting-scripts/otmldts,Y,Good debugging centered course 
Matlab,Online Courses / Structured Learning Paths,Advanced,Matlab skills for simulink modeling ,Matlab Help Center ,N/A,N/A,1,N,Learning how to use simulink workflows ,https://matlabacademy.mathworks.com/details/matlab-skills-for-simulink-modeling/lpmlssm,https://matlabacademy.mathworks.com/details/matlab-skills-for-simulink-modeling/lpmlssm,Y,Good to learn an important application of Matlab 
Unix,Video Courses / Structured Learning Paths,Intermediate,Maximus Mcollough: Setting up Multiple Display Monitors and Settings in Linux ,Maximus Mcollough ,N/A,N/A,1,N,Learning how to connect multiple monitors to one laptop with Unix ,https://www.bing.com/ck/a?!&&p=7e547513dbcc583058822801d5ed58d492b7c4f546c9047e646f5d0bbdae9523JmltdHM9MTc3OTg0MDAwMA&ptn=3&ver=2&hsh=4&fclid=2a68803d-d7c7-641b-3466-96e4d6066551&u=a1L3ZpZGVvcy9yaXZlcnZpZXcvcmVsYXRlZHZpZGVvP3E9Q29ubmVjdGluZyttdWx0aXBsZSttb25pdG9ycyt1c2luZyt1bml4Jm1pZD1CQkY4MjhGODI5QjA3QzlEREJEMkJCRjgyOEY4MjlCMDdDOUREQkQyJmNodXJsPWh0dHBzJTNhJTJmJTJmd3d3LnlvdXR1YmUuY29tJTJmY2hhbm5lbCUyZlVDZGR3dkJYNVJJbXRYVzlXcHBaYk5NdyZGT1JNPVZJUkU,https://youtu.be/F_gXrwJbCa4?si=_wj7V0mUnSbWJjor,Y,Beneficial and interesting application for Unix 
C/C++,Applied / Domain-Specific Resources,New to Programming,Medium: A Beginners Guide to Understanding C Programming for Web Developers ,Medium,N/A,N/A,1,N,Learning the basics of C programming ,A Beginner’s Guide to Understanding C Programming for Web Developers | by Ayusharpcoder | Medium,https://medium.com/@ayusharpcoder/a-beginners-guide-to-understanding-c-programming-for-web-developers-a9912ab967ad,Y,"Good Introductory Course, may require basic coding knowledge before diving in though "
SQL,Books / eBooks,Intermediate,Medium: Top 15 SQL Query Techniques for Big Datasets,Medium,N/A,N/A,1,N,Understanding best practices for SQL coding ,Top 15 SQL Query Optimization Techniques for Big Datasets | by Code With Hannan | Medium,https://medium.com/@CodeWithHannan/top-15-sql-query-optimization-techniques-for-big-datasets-6d808745fa98,Y,Good for introductory programmers of all varieties 
Python,Applied / Domain-Specific Resources,Beginner,Michael Kirby,Michael Kirby,N/A,N/A,1,N,Accessing various tools for solutions for google platform products,https://github.com/michael-kirby/professional-services,https://github.com/michael-kirby/professional-services,M,"May not be applicable to all softwares, may also not provide many coding resources "
Bash,Video Courses / Structured Learning Paths,Beginner,Miicrosoft Developer: Bash for Beginners,Microsoft,N/A,N/A,1,N,"Getting the basics of bash coding and some important applications, shell",Bash for Beginners Series by Microsoft Developer - Search Videos,https://youtu.be/nrfwcbYJZfc?si=LyLgJi7ppe6BYF2M,Y,20 Part Video Series teaching BASH Coding that will give students a strong foudnation for future work 
R,Documentation / Reference / Practice,Beginner,Mike Johnson: Github,Mike Johnson,N/A,N/A,1,N,"Building a website using R, as well as accessing R code for water based applications","mikejohnson51 (Mike Johnson), https://mikejohnson51.github.io/csu-ess-330/",https://github.com/mikejohnson51,Y,"Github Repository contains ESS 330 webpage which was r coding information on it, github repo has many other sources of information for R. May be too advanced for most. "
Python,Video Courses / Structured Learning Paths,New to Programming,MIT - Introduction to Computer Science and Programming in Python,MIT OpenCourseWare,N/A,N/A,2,N,Developing strong programming foundations,https://ocw.mit.edu/courses/6-0001-introduction-to-computer-science-and-programming-in-python-fall-2016/video_galleries/lecture-videos/,https://ocw.mit.edu/courses/6-0001-introduction-to-computer-science-and-programming-in-python-fall-2016/video_galleries/lecture-videos/,Y,Good for providing strong programming foundations. 
Matlab,Online Courses / Structured Learning Paths,Intermediate,Model Dynamic Systems,Matlab Help Center ,N/A,N/A,1,N,Learning to build models in matlab,https://matlabacademy.mathworks.com/details/model-dynamic-systems/otslmds,https://matlabacademy.mathworks.com/details/model-dynamic-systems/otslmds,Y,Excelent advanced matlab concept 
C/C++,Applied / Domain-Specific Resources,Intermediate,nkrishnaswamy,Nikhil Krishnaswam,N/A,N/A,1,N,Using C code to orient and locate objects from files and do large computations,nkrishnaswamy/ecicomposer: Brandeis ECI Composer project,https://github.com/nkrishnaswamy/ecicomposer,Y,Good advaned application for C Coding 
HTML,Applied / Domain-Specific Resources,Advanced,nkrishnaswamy,Nikhil Krishnaswam,N/A,N/A,1,N,Using HTML code for 3d modeling purposes ,"nkrishnaswamy/lbsrmodeling: 3D Modeling for LBSR Lab, Brandeis University",https://github.com/nkrishnaswamy/lbsrmodeling,M,HTML Section needs more information focused on how to code in HTMLbut it's a good application 
Python,Applied / Domain-Specific Resources,Advanced,nkrishnaswamy,Nikhil Krishnaswam,N/A,N/A,1,N,Reading some applications of python code,,https://github.com/nkrishnaswamy/thesis-docs-utils/tree/master/utils/preprocessing,M,May not contain enough coding training information for our purposes 
Python,Documentation / Reference / Practice,Beginner,Official Python Tutorial,Python Software Foundation,N/A,N/A,1,N,Mastering the core concepts of the python language ,https://docs.python.org/3/tutorial/,https://docs.python.org/3/tutorial/,M,Decent textbook. Students may need more rpactice and visual instruction though 
Bash,Documentation / Reference / Practice,Intermediate,onceupon: Github,onceupon ,N/A,N/A,2,N,Accessing 1 Line bash codes for efficiency,onceupon/Bash-Oneliner: A collection of handy Bash One-Liners and terminal tricks for data processing and Linux system maintenance.,https://github.com/onceupon/Bash-Oneliner,Y,Could be good once students learn how to use BASH 
Matlab,Online Courses / Structured Learning Paths,Intermediate,Organize Tabular data in matlab,Matlab Help Center ,N/A,N/A,2,N,Learning how to work with table data in matlab,Organize Tabular Data in MATLAB | Self-Paced Online Courses - MATLAB & Simulink,https://matlabacademy.mathworks.com/details/organize-tabular-data-in-matlab/lpmlotd,M,Other resources are more robust with data managment and analysis 
Matlab,Documentation / Reference / Practice,Advanced,petercorke:github ,petercorke,N/A,N/A,1,N,Bringing robotics computations into matlab,petercorke/robotics-toolbox-matlab: Robotics Toolbox for MATLAB,https://github.com/petercorke/robotics-toolbox-matlab,Y,Strong advanced application of matlab 
R,Applied / Domain-Specific Resources,Beginner - Advanced,Posit Cloud: R Recipes,Posit,N/A,N/A,1,N,Accessing coding examples of R for learning,https://posit.cloud/learn/recipes,https://posit.cloud/learn/recipes,Y,good online resource that has example code. 
HTML,Documentation / Reference / Practice,Intermediate,Pravinraja: Github,Pravinraja,N/A,N/A,2,N,Using HTML to create a website and the necessary components for images and videos ,https://github.com/Pravinraja/Html-and-css-web-development-website-creation-/blob/master/page1.html,https://github.com/Pravinraja/Html-and-css-web-development-website-creation-/blob/master/page1.html,M,"Good Example of HTML coding applications, doesn't provide much how-to information though "
Geospatial,Video Courses / Structured Learning Paths,Intermediate,Programming for GIS 1 - ArcPy,Elizabeth Tulanowski,N/A,N/A,1,N,Learning to use arcpy and Python for GIS,NR426 - Programming for GIS I - arcpy - YouTube,https://www.youtube.com/playlist?list=PLDX1ZtgI1MQjvYdHP7iT6cPNplSTE6Hgy,Y,Good free alternative to ESRI Courses 
Matlab,Online Courses / Structured Learning Paths,Intermediate,Programming in Matlab,Matlab Help Center,N/A,N/A,2,N,Learning to debug matlab coding and increase efficiency,Self-Paced Online Courses - MATLAB & Simulink,https://matlabacademy.mathworks.com/?page=1&fq=programming&sort=featured,Y,Good course to improve efficiency and good debugging habits 
Python,Online Courses / Structured Learning Paths,Intermediate,Programming with Python,The Carpentries,N/A,N/A,1,N,Learning to program with python for data science purposes ,http://swcarpentry.github.io/python-novice-inflammation,http://swcarpentry.github.io/python-novice-inflammation,Y,Good course to fulfill the purpose of this website 
Python,Applied / Domain-Specific Resources,Beginner - Advanced,Python Coding Resources,The Carpentries,N/A,N/A,2,N,Accessing a wide array of python coding resources ,The Carpentries Lessons | The Carpentries,https://carpentries.org/lessons/,Y,Very good coding courses and lessons for python 
Python,Online Courses / Structured Learning Paths,Intermediate,Python for Ecologists,The Carpentries,N/A,N/A,2,N,Learning how to analyze and visualize data in python for ecological applications ,https://datacarpentry.org/python-ecology-lesson/,https://datacarpentry.org/python-ecology-lesson/,M,A more specific application that may not be needed for everyone learning 
Geospatial,Video Courses / Structured Learning Paths,Intermediate,Python Foundation for Spatial Analysis,Multiple instructors (YouTube),N/A,N/A,2,N,Using python for spatial analysis ,https://www.youtube.com/playlist?list=PLppGmFLhQ1HJspXSA0asH9kw1OhlLrxHT,https://www.youtube.com/playlist?list=PLppGmFLhQ1HJspXSA0asH9kw1OhlLrxHT,M,May not be super structed but can be a good source for video coding resources 
Geospatial,Online Courses / Structured Learning Paths,Advanced,Python Scripting for Geoprocessing Workflows (Log in Required) ,ESRI,N/A,N/A,1,N,Learning to use arcpy and Python scripting for GIS processes,Python Scripting for Geoprocessing Workflows | Esri Training Web Course,https://www.esri.com/training/catalog/5763042c851d31e02a43ed84/python-scripting-for-geoprocessing-workflows/,Y,Excellent advanced GIS application 
Geospatial,Applied / Domain-Specific Resources,Beginner - Advanced,R as GIS for Economists,T. Mieno,N/A,N/A,1,N,Applying R To GIS concepts and application,https://tmieno2.github.io/R-as-GIS-for-Economists-Quarto/chapters/00-preface.html,https://tmieno2.github.io/R-as-GIS-for-Economists-Quarto/chapters/00-preface.html,Y,good course for combining R and GIS work 
R,Books / eBooks,Beginner - Advanced,R for Data Science,Hadley Wickham & Garrett Grolemund,N/A,N/A,2,N,Accessing R related textbook resources,https://r4ds.hadley.nz/,https://r4ds.hadley.nz/,Y,large book with a lot of good information 
R,Documentation / Reference / Practice,Beginner - Advanced,R for Spatial Analysis (GitHub),dcarver1,N/A,N/A,1,N,Using R for geospatial analysis ,https://github.com/dcarver1/R_SC_Spatial,https://github.com/dcarver1/R_SC_Spatial,Y,Could be a good GIS application for R and we can access the code they use. 
R,Documentation / Reference / Practice,Intermediate,R Packages,Community-driven,N/A,N/A,1,N,Exploring available R packages,https://r-packages.io/packages,https://r-packages.io/packages,Y,Excellent intro R materials 
R,Documentation / Reference / Practice,Beginner - Advanced,R Statistics,Selva Prabhakaran,N/A,N/A,1,N,Exploring practical examples and quick reference,https://r-statistics.co/,https://r-statistics.co/,M,We have multiple diferent r textbooks we can choose from 
R,Books / eBooks,Beginner,R Statistics Tutorial,R statistics,N/A,N/A,,N,Learning how to use R + RStudio and practicing,R Fundamentals - Coding Support Hub,https://r-statistics.co/tutorials/,,
Python,Documentation / Reference / Practice,Intermediate,Real Python,Real Python Team,N/A,N/A,1,N,Programming with python for real world applications ,https://realpython.com/,https://realpython.com/,Y,good for understanding applications of python 
HTML,Documentation / Reference / Practice,Advanced,Remy Github: HTML5 demos,Remy ,N/A,N/A,2,N,Getting examples of how HTML can be used for demos and website creation ,remy/html5demos: Collection of hacks and demos showing capability of HTML5 apps,https://github.com/remy/html5demos,Y,Good source to show how HTML can be used in a diversity of ways. May be to informal for education 
HPC,Applied / Domain-Specific Resources,Advanced,Riviera 0.1.0,Riviera,N/A,N/A,1,N,Learning to access HPCs and applying them to large scale concepts. ,,https://riviera-docs.readthedocs.io/en/latest/index.html,Y,Has good documentation and tutorial information 
N/A,Domain-Specific Resources,Intermediate,Ryan Bailey: CV,Ryan Bailey,N/A,N/A,,N,Using models for hydrology monitoring and nutrient tracking,Bailey_CV.pdf,https://www.engr.colostate.edu/ce/wp-content/uploads/2024/08/Bailey_CV.pdf,M,could be good for GIS concepts or any modeling 
Geospatial ,Applied / Domain-Specific Resources,Advanced,Ryan Smith: Remote Sensing Hydrology Research Group ,Ryan Smith,N/A,N/A,1,N,Applying remote sensing to hydrology applications,https://github.com/rg-smith,https://github.com/rg-smith,Y,A good geospatial application
Python,Video Courses / Structured Learning Paths,Intermediate,Sage Campus - Intermediate Python Skills,Sage Campus,N/A,N/A,1,N,Applying coding to research based workflows ,https://classroom.sagepub.com/course/view.php?id=7,https://classroom.sagepub.com/course/view.php?id=7,Y,Good brobust application for coding resources 
Python,Video Courses / Structured Learning Paths,Beginner,Sage Campus - Intro to Python,Sage Campus,N/A,N/A,1,N,Learning important concepts for python ,https://classroom.sagepub.com/course/view.php?id=12,https://classroom.sagepub.com/course/view.php?id=12,Y,Good introductory course for python that covers essential concepts 
R,Video Courses / Structured Learning Paths,New to Programming,Sage Campus: Introduction to R,Sage Campus,N/A,N/A,1,N,Introducing yourself to R,https://classroom.sagepub.com/course/view.php?id=2,https://classroom.sagepub.com/course/view.php?id=2,Y,
R,Video Courses / Structured Learning Paths,Intermediate,Sage Campus: Practical Data Management in R,Sage Campus,N/A,N/A,1,N,Wrangling and managing data for ecological applications ,https://classroom.sagepub.com/course/view.php?id=8,https://classroom.sagepub.com/course/view.php?id=8,Y,very good introdcutory course material 
AI,Documentatin,Beginner,Sarathsreedharan: Github ,Sarath Sreedharan,N/A,N/A,1,N, Learning how to use machine learning,sarathsreedharan/CSU_CS_445,https://github.com/sarathsreedharan/CSU_CS_445,Y,Good option for free machine learning resources. From a CSU course 
AI,Documentation / Reference / Practice,Advanced,Sarathsreedharan: Github ,Sarath Sreedharan,N/A,N/A,2,N,Coding for machine learning,https://github.com/sarathsreedharan/ModelLearner,https://github.com/sarathsreedharan/ModelLearner,Y,These by Sarath would be good free options but may be a little more confusing then the courses 
Python,Documentation / Reference / Practice,Advanced,Sarathsreedharan: Github ,Sarath Sreedharan,N/A,N/A,1,N,Using Python to build AI and large scale modeling.,sarathsreedharan/simoorg: Simoorg,https://github.com/sarathsreedharan/simoorg,Y,Excellent advanced application for python relevant totoday
Python,Video Courses / Structured Learning Paths,New to Programming,Software Carpentry - Python Novice Inflammation,Software Carpentry,N/A,N/A,2,N,Gaining a foundational knowledge of scientific computing basics ,https://swcarpentry.github.io/python-novice-inflammation/,https://swcarpentry.github.io/python-novice-inflammation/,Y,Good for new programers 
Matlab,Online Courses / Structured Learning Paths,Advanced,Software Development in Matlab,Matlab help center,N/A,N/A,1,N,Learning to build user friendly applications in matlab,Self-Paced Online Courses - MATLAB & Simulink,https://matlabacademy.mathworks.com/?page=2&sort=featured,Y,Good applications for software development in MATLAB 
Geospatial,Applied / Domain-Specific Resources,Intermediate,"Spatial Data Science with R and ""terra""",Spatial Data Science,N/A,N/A,2,N,Learning to use GIS related R packages and R for various different branches of GIS,Spatial Data Science with R and “terra” — R Spatial,https://rspatial.org/index.html,Y,a more advvacned R course 
SQL,Online Courses / Structured Learning Paths,Beginner - Advanced,SQL Courses ,Code Academy,N/A,N/A,2,N,Accessing a wide array of SQL resources,SQL Courses & Tutorials | Codecademy,https://www.codecademy.com/catalog/language/sql,M,Good amoutn of SQL related courses. May be overwhelming for some 
SQL,Books / eBooks,Beginner,SQL Tutorial,W3 Schools,N/A,N/A,1,N,Accessing important SQL commands and examples ,SQL Tutorial,https://www.w3schools.com/sql/default.asp,Y,
R,Applied / Domain-Specific Resources,Intermediate,Stacy Edmundson: Zoomcamp,Stacy Edumdson,N/A,N/A,1,N,Learning how to use R for data engineering applications,Data Engineering Zoomcamp Notes | Stacy Edmondson,https://edmondsl.github.io/2022/03/15/DE-Zoomcamp-Notes.html,M,May be to specific of an R application 
Geospatial,Applied / Domain-Specific Resources,Advanced,Steve Leisz: ResearchGate,Steve Leisz,N/A,N/A,2,N,Learning geospatial applications for land use vegetation change,https://www.bing.com/ck/a?!&&p=40a0976d9f2d06096e7db98bd82d04a64ab4fe7a9d6401e244269f9f21950b75JmltdHM9MTc3OTMyMTYwMA&ptn=3&ver=2&hsh=4&fclid=2a68803d-d7c7-641b-3466-96e4d6066551&psq=Steve+Leisz&u=a1aHR0cHM6Ly93d3cucmVzZWFyY2hnYXRlLm5ldC9wcm9maWxlL1N0ZXBoZW4tTGVpc3o,https://www.researchgate.net/profile/Stephen-Leisz,Y,Good broad GIS application
N/A,Video Courses / Structured Learning Paths,Advanced,Sudeep Pasricha: Online Website,Sudeep Pasricha,N/A,N/A,,N,Accessing variety of code related videos,Sudeep Pasricha – Aram and Helga Budak Endowed ECE Professor,https://www.engr.colostate.edu/~sudeep/,M,Good variety of coding resoureces. May be to much 
Excel,Applied / Domain-Specific Resources,New to Programming,"Summary of “Data Organization in Spreadsheets” (Broman and Woo, 2018)",Broman and Woo,N/A,N/A,1,N,Understanding good data organization habits,dataorganizationspreadsheetsbromanwoo-1.pdf,https://statlab.colostate.edu/wp-content/uploads/sites/12/2019/06/dataorganizationspreadsheetsbromanwoo-1.pdf,Y,Good introductory course for data sciences 
Python,Documentation / Reference / Practice,Intermediate,Tai Montgomery: Github Repositories,Tai Montgomery,N/A,N/A,1,N,Learning technical python skills for computational biologists,taimontgomery/SnakemakeTutorial,https://github.com/taimontgomery/SnakemakeTutorial,M,"Application may be to specific for most students, may also not focus on coding as much as other resources "
R,Video Courses / Structured Learning Paths,Intermediate,The Carpentries: Data Analysis and Visualization in R for Ecologists,Data Carpentry,N/A,N/A,1,N,Using R for data analysis and scientific workflows,https://datacarpentry.org/R-ecology-lesson/,https://datacarpentry.org/R-ecology-lesson/,Y,Good robust application for coding resources 
Python,Books / eBooks,Intermediate,The Hitchhiker's Guide to Python,Kenneth Reitz et al.,N/A,N/A,1,N,Learning best practices for clean code in python,https://docs.python-guide.org/,https://docs.python-guide.org/,Y,This is a good basic level material for all new programmers with python 
JavaScript,Applied / Domain-Specific Resources,Beginner,The Javascript Language,Javascriptinf,N/A,N/A,1,N,Learning how to use JavaScript and its various tools,The JavaScript language,https://javascript.info/js,Y,Provides a nice overlay of Java and it's potential applications 
Unix,Documentation / Reference / Practice,Beginner,The Unix Shell,Carpentry,N/A,N/A,1,N,Introducing yourself to the unix shell,https://swcarpentry.github.io/shell-novice/,https://swcarpentry.github.io/shell-novice/,Y,Excellent introductory material for unix 
HTML,Documentatin,Intermediate,Tianyang Wang: Github ,Tianyang Wang ,N/A,N/A,1,N,Creating jekyll themes using HTML code,Tianyang-Wang/Tianyang.wang-Nanjing,https://github.com/Tianyang-Wang/Tianyang.wang-Nanjing,M,Strong application for HTML Code that may not cover enough diverse material for strong understanding of the language 
Geospatial,Documentation / Reference / Practice,Advanced,Trent Pearce: Github,Trent Pearce,N/A,N/A,1,N,using R Code to map chemical exposure,https://github.com/trentpearce/felid_rodenticide,https://github.com/trentpearce/felid_rodenticide,Y,R code that has good applications for GIS use 
HPC,Documentation / Reference / Practice,Intermediate,Trevor Vincent: Github,Trevor Vincent ,N/A,N/A,1,N,Learning HPC software's  and libraries ,trevor-vincent/awesome-high-performance-computing: A curated list of awesome high performance computing resources,https://github.com/trevor-vincent/awesome-high-performance-computing,Y,Excellent course to describing the different uses of HPC codes 
AI,Documentation / Reference / Practice,Intermediate,Tristachi: Github,Ravi Mangal,N/A,N/A,1,N,Learning how to use a dataset to train AI,SharedControlAutonomousDriving/scad_tot: SCAD TakeOverTime neural network & verification,https://github.com/SharedControlAutonomousDriving/scad_tot,Y,Good Advanced AI course 
Python,Documentation / Reference / Practice,Advanced,Tristachi: Github,Ravi Mangal,N/A,N/A,1,N,Using Python to code for robustness using different ensembles ,ravimangal/cascade-robustness-impl,https://github.com/ravimangal/cascade-robustness-impl,M,May be to specific of an application  
Unix,Online Courses / Structured Learning Paths,Beginner - Advanced,Udemy - Unix Courses (Paywalled) ,Udemy,N/A,N/A,2,N,Achieving a well based understanding of unix ,https://www.udemy.com/course/unix-linux-operating-system/,https://www.udemy.com/course/unix-linux-operating-system/,Y,Seems like a good course but there is a paywall 
Excel,Video Courses / Structured Learning Paths,Advanced,Udemy: The Ultimate Excel Programmer Course,Udemy,N/A,N/A,1,N,"Learning to write VBA Code, functions, loops, and other coding applications in excel ",The Ultimate Excel Programmer Course,https://www.udemy.com/course/ultimate-excel-programmer/?im_ref=3%3AEXDO1o4xyZRD5XSUwl-UxXUkuRc3S400000w0&sharedid=EdgeBingFlow&irpid=2003851&utm_medium=affiliate&utm_source=impact&utm_audience=mx&utm_tactic=%22Loyalty%22%2C%22US%20-%20North%20America%22&utm_content=3260104&utm_campaign=2003851&irgwc=1&afsrc=1,Y,"Good Course , may require background knowledge in other coding languages for VBA Code usage "
Unix,Applied / Domain-Specific Resources,Beginner,Unix Tutorial: Basic Unix Commands ,Unix Tutorial,N/A,N/A,1,N,Learning essential unix commands and what they do,Basic Unix Commands | Unix Tutorial,https://www.unixtutorial.org/basic-unix-commands/,Y,Not Unix code but a near copy of it. 
Bash,Documentation / Reference / Practice,Intermediate,Version Control with GIT,Carpentry,N/A,N/A,1,N,Learning to use version control and applications of it,Version Control with Git: Summary and Setup,https://swcarpentry.github.io/git-novice/,Y,Good for learning more about Git in bash 
SQL,Documentation / Reference / Practice,Beginner,Vidya Gaddy: Github,Vidya Gaddy,N/A,N/A,1,N,Practicing filtering large datasets for desired information,DSCI235Test/practice_final (1).ipynb at main · Vidyagaddy/DSCI235Test,https://github.com/Vidyagaddy/DSCI235Test/blob/main/practice_final%20(1).ipynb,Y,Data science related applications of code 
HTML,Online Courses / Structured Learning Paths,Beginner,W3 Schools: HTML Classes,W3 Schools,N/A,N/A,2,N,Learning the basics of HTML and how to use it ,HTML Classes - The Class Attribute,https://www.w3schools.com/html/html_classes.asp,Y,Another good intrroduction course for HTML 
Python,Documentation / Reference / Practice,Beginner,W3Schools Python Exercises,W3Schools,N/A,N/A,1,N,Practicing and reinforcing python skills ,https://www.w3schools.com/python/exercise.asp,https://www.w3schools.com/python/exercise.asp,Y,Good way to practice python skills that have been learned 
C/C++,Books / eBooks,Intermediate,Wikibooks.org: C++ ,Wikibooks,N/A,N/A,1,N,Learning all things C+ ,CPlusPlusProgramming.pdf,https://upload.wikimedia.org/wikipedia/commons/e/e9/CPlusPlusProgramming.pdf?utm_source=en.wikibooks.org&utm_campaign=index&utm_content=original,M,VERY DENSE 
AI,Documentation / Reference / Practice,Advanced,Xinran Wang: Github,Xinran Wang,N/A,N/A,1,N,Developing human related AI skills,https://github.com/wang8740/MAP,https://github.com/wang8740/MAP,M,May not be related to coding 
R,Documentation / Reference / Practice,Intermediate,Xinran Wang: Github,Xinran Wang,N/A,N/A,2,N,Learning to built quarto websites and apply themes,wang8740 (Xinran Wang),https://github.com/wang8740/,Y,Strong Intermediate R application 
Python,Documentation / Reference / Practice,Advanced,Yunpeng Zhao: Github,Yunpeng Zhao,N/A,N/A,2,N,Learning to use Python for research data analysis,"yunpeng-zhao/syndata-privacy: [ICLR 2025] The official code for ""Does Training with Synthetic Data Truly Protect Privacy""",https://github.com/yunpeng-zhao/syndata-privacy,Y,Good application of python for a research institution 
JavaScript,Online Courses / Structured Learning Paths,Beginner,Learn Javascript,Code Academy,N/A,N/A,1,N,Learning the basics of JavaScript,,https://www.codecademy.com/learn/introduction-to-javascript,Y,
HTML,Online Courses / Structured Learning Paths,Beginner,Full Stack Engineer,Code Academy,N/A,N/A,1,N,Creating and deploying a website,,https://www.codecademy.com/learn/paths/full-stack-engineer-career-path,Y,
JavaScript,Applied / Domain-Specific Resources,Intermediate,D3 by Observable,Observable,N/A,N/A,1,N,Visualizing data in JavaScript,,https://observablehq.com/@d3/gallery?utm_source=d3js-org&utm_medium=hero&utm_campaign=try-observable,Y,
JavaScript,Video Courses / Structured Learning Paths,New to Programming,JavaScript Full Course,Euredeka,N/A,N/A,1,N,Learning basic coding concepts in JavaScript,,https://www.youtube.com/live/20moEpU0liU?si=SJ57SfOiMIRDazwf,Y,
JavaScript,Applied / Domain-Specific Resources,Intermediate,Intro to Data-API's,CodingTrain,N/A,N/A,1,N,Working with data and accessing API's in JavaScript,,https://github.com/CodingTrain/Intro-to-Data-APIs-JS,Y,
JavaScript,Applied / Domain-Specific Resources,Advanced,ArcGIS SDK maps for Javascript,esri Developer,N/A,N/A,1,N,Using JavaScript with ArcGIS services,,https://developers.arcgis.com/javascript/latest/get-started/,Y,
JavaScript,Applied / Domain-Specific Resources,Intermediate,Introduction to Java Script for Earth Engine,Google Earth,N/A,N/A,1,N,Learning to use JavaScript for GIS ,,https://developers.google.com/earth-engine/tutorials/tutorial_js_01,Y,
JavaScript,Applied / Domain-Specific Resources,Advanced,Google Earth Engine: Javascript API,Google Earth,N/A,N/A,1,N,Using online data sources with JavaScript for GIS ,,https://developers.google.com/earth-engine/tutorials/tutorial_api_01,Y,
JavaScript,Video Courses / Structured Learning Paths,Intermediate,Build with Javascript: Project Colorify,tapaScript,N/A,N/A,1,N,Building an application with JavaScript,,https://www.youtube.com/watch?v=NkO4mVXnrtM,Y,
Python,Video Courses / Structured Learning Paths,Beginner,CS50's Introduction to Programming with Python,Open Courseware,N/A,N/A,1,N,Learing All Basics to Python,,https://cs50.harvard.edu/python/weeks/0/,Y,
Python,Online Courses / Structured Learning Paths,Beginner,Learn Python 3,Code Academy,N/A,N/A,1,N,Learn Python Code,,https://www.codecademy.com/learn/learn-python-3?g_network=o&g_productchannel=&g_adid=&g_locinterest=&g_keyword=codecademy%20python&g_acctid=243-039-7011&g_adtype=&g_keywordid=kwd-79027831313953%3Aloc-4085&g_ifcreative=&g_campaign=account&g_locphysical=96599&g_adgroupid=1264439078633172&g_productid=&g_source=%7Bsourceid%7D&g_merchantid=&g_placement=&g_partition=&g_campaignid=370028884&g_ifproduct=&utm_id=t_kwd-79027831313953%3Aloc-4085%3Aag_1264439078633172%3Acp_370028884%3An_o%3Ad_c&msclkid=0c7dd197bed51b6b8c24bb37814ce9dc&utm_source=bing&utm_medium=cpc&utm_campaign=US_Brand_Exact&utm_term=codecademy%20python&utm_content=Codecademy%20python,Y,
Python,Online Courses / Structured Learning Paths,Beginner,Learn Python Intermediate,Code Academy,N/A,N/A,1,N,Learn to build applications with Python,,https://www.codecademy.com/learn/learn-intermediate-python-3,Y,
Python,Online Courses / Structured Learning Paths,Beginner,Learn Python Advanced,Code Academy,N/A,N/A,1,N,Learn Functional Programming and concurrent programming,,https://www.codecademy.com/learn/learn-advanced-python,Y,
Python,Online Courses / Structured Learning Paths,Advanced,Intro to Language Models in Python,Code Academy,N/A,N/A,1,N,Build Language Models in Python,,https://www.codecademy.com/learn/intro-to-language-models-in-python,Y,
Python,Online Courses / Structured Learning Paths,Intermediate,Learn Python for Data Science,Code Academy,N/A,N/A,1,N,Use Common Python Libraries for Data Science,,https://www.codecademy.com/learn/paths/learn-python-for-data-science,Y,
Data_Viz,Documentation / Reference / Practice,Beginner,33 Data Visualization Types,visme,N/A,N/A,1,N,Familiarzing Oneself with different ways to visualize data,,https://visme.co/blog/data-visualization-types/,Y,
Data_Viz,Documentation / Reference / Practice,Beginner,Types of Charts and Graphs for Data Visualization,ThoughtSpot,N/A,N/A,1,N,Learning when to use types of Data Visualizations,,https://www.thoughtspot.com/data-trends/data-visualization/types-of-charts-graphs,Y,
Data_Viz,Documentation / Reference / Practice,Beginner,An Introduction to Data Visualization,digital.gov,N/A,N/A,1,N,Learning Basics of Data Visualization,,https://digital.gov/resources/an-introduction-to-data-visualization/,Y,
Data_Viz,Applied / Domain-Specific Resources,Intermediate,Data Visualization with Python,Geeks for Geeks,N/A,N/A,1,N,Using python to visualize data,,https://www.geeksforgeeks.org/data-visualization/data-visualization-with-python/,Y,
Data_Viz,Online Courses / Structured Learning Paths,Advanced,Visualize Data With Python,Code Academy,N/A,N/A,1,N,Visualizing data in Python and creating visualizations in markdowns and notebooks,,https://www.codecademy.com/learn/paths/visualize-data-with-python?g_network=o&g_productchannel=&g_adid=&g_locinterest=&g_keyword=use%20python%20to%20visualize%20data&g_acctid=243-039-7011&g_adtype=&g_keywordid=kwd-79165442882566:loc-4085&g_ifcreative=&g_campaign=account&g_locphysical=96599&g_adgroupid=1266639046894150&g_productid=&g_source=%7bsourceid%7d&g_merchantid=&g_placement=&g_partition=&g_campaignid=370314508&g_ifproduct=&utm_id=t_kwd-79165442882566:loc-4085:ag_1266639046894150:cp_370314508:n_o:d_c&msclkid=2492f12fb0351f71a67a9b8ff7cd6a02&utm_source=bing&utm_medium=cpc&utm_campaign=US%20-%20Exact&utm_term=use%20python%20to%20visualize%20data&utm_content=visualize%20data%20with%20python,Y,
Data_Viz,Online Courses / Structured Learning Paths,Beginner,Learn Data Storytelling,Code Academy,N/A,N/A,1,N,Effectively Using Data Visualization to drive a narrative,,https://www.codecademy.com/learn/learn-data-storytelling,Y,
Data_Viz,Online Courses / Structured Learning Paths,Intermedaite,Intro to Geographic Data Mapping,Code Academy,N/A,N/A,1,N,Understanding the basics of data's ability to create maps,,https://www.codecademy.com/learn/intro-to-geographic-data-mapping,Y,
Data_Viz,Online Courses / Structured Learning Paths,Advanced,Learn D3,Code Academy,N/A,N/A,1,N,"Using D3, one of the most popular tools for visualizing data. ",,https://www.codecademy.com/learn/learn-d3,Y,
Data_Viz,Documentation / Reference / Practice,Advanced,react-vis:github,uber:react-vis,N/A,N/A,1,N,Adding Data Visualization to a webpage,,https://github.com/uber/react-vis,Y,
Data_Viz,Books / eBooks,Beginner,Fundamentals of Data Visualization,clauswilke: github,N/A,N/A,1,N,Learning all things Data Visualization,,https://github.com/clauswilke/dataviz,Y,
Excel,Online Courses / Structured Learning Paths,Beginner,Microsoft Excel Professional Certificate,coursera,N/A,N/A,1,N,Gaining an excel certificate,,https://www.coursera.org/professional-certificates/microsoft-excel-skills/paidmedia?utm_medium=sem&utm_source=bg&utm_campaign=b2c_namer_microsoft-excel-skills_microsoft_ftcof_professional-certificates_px_dr_bau_bg_sem_pr_us-ca_en_m_x_24-12_x&campaignid=662948921&adgroupid=1245748009910035&device=c&keyword=https%3A%2F%2Fwww.coursera.org%2Fprofessional-certificates%2Fmicrosoft-excel-skills%2Fpaidmedia&matchtype=b&network=o&devicemodel=&adposition=&creativeid=77859380778933&adgroup=b2c_namer_microsoft-excel-skills_microsoft_px_bau_bg_us-ca_x_x_dsa_x_hyb_x_x_professional-certificates_x&querystring=khan%20academy%20excel%20courses&targetid=dat-2329658981354727:loc-190&bidmatchtype=bb&extensionid=&msclkid=4f86fd1d4e861fc0fd1f97bd24a66b35,Y,
Excel,Online Courses / Structured Learning Paths,Beginner,Excel Basics,Code Academy,N/A,N/A,1,N,Learning all Excel Basics,,https://www.codecademy.com/learn/excel-basics-course,Y,
Excel,Online Courses / Structured Learning Paths,Advanced,VBA: Building User Interfaces with Forms in VBA and Excel,Code Academy,N/A,N/A,1,N,Using VBA Code in Excel,,https://www.codecademy.com/learn/ext-courses/vba-building-user-interfaces-with-forms-in-vba-excel,Y,
Excel,Online Courses / Structured Learning Paths,Intermediate,VBA: Getting Started with VBA in excel,Code Academy,N/A,N/A,1,N,Familiarizing yourself with VBA basics,,https://www.codecademy.com/learn/ext-courses/vba-getting-started-with-vba-in-excel,Y,
Excel,Online Courses / Structured Learning Paths,Beginner,BI Dashboards with power BI,Code Academy,N/A,N/A,1,N,Using Power BI ,,https://www.codecademy.com/learn/bi-dashboards-with-power-bi,Y,
Excel,Documentation / Reference / Practice,Advanced,How to Build Excel Models ,Bricks,N/A,N/A,1,N,Building Models in Excel,,https://www.thebricks.com/resources/guide-how-to-build-excel-models,Y,
Excel,Video Courses / Structured Learning Paths,Advanced,2023 March Webinar. Automated Data Sheets for Wetland Delineation,Youtube,N/A,N/A,1,N,Applying Model Building to Wetland Delineation,,https://www.youtube.com/watch?v=U5ovUg0Q3Wk,Y,
Excel,Video Courses / Structured Learning Paths,Intermediate,Pivot Table Excel,Kevin Stratvert,N/A,N/A,1,N,Building Pivot Tables ,,https://www.youtube.com/watch?v=dvbLrwD2SpA,Y,
JavaScript,Documentation / Reference / Practice,Intermediate,The JavaScript Library for Bespoke Data Visualization,Observable,N/A,N/A,1,N,Using D3 for JavaScript visualization,,https://d3js.org/,Y,
JavaScript,Applied / Domain-Specific Resources,Intermediate,D3.js,W3 Schools,N/A,N/A,1,N,Learning to code with D3,,https://www.w3schools.com/js/js_graphics_d3js.asp,Y,
JavaScript,Video Courses / Structured Learning Paths,Advanced,Data Visualization with D3.js,freeCodeCamp.Org,N/A,N/A,1,N,Accessing a Fully Extensive D3 Video Tutorial,,https://www.youtube.com/watch?v=_8V5o2UHG0E,Y,
JavaScript,Online Courses / Structured Learning Paths,Intermediate,Learn D3,Code Academy,N/A,N/A,1,N,Accessing a course for D3 ,,https://www.codecademy.com/learn/learn-d3?g_network=o&g_productchannel=&g_adid=&g_locinterest=&g_keyword=d3%20online%20course&g_acctid=243-039-7011&g_adtype=&g_keywordid=kwd-79715199421184:loc-4085&g_ifcreative=&g_campaign=account&g_locphysical=96599&g_adgroupid=1275435139747966&g_productid=&g_source=%7bsourceid%7d&g_merchantid=&g_placement=&g_partition=&g_campaignid=370314508&g_ifproduct=&utm_id=t_kwd-79715199421184:loc-4085:ag_1275435139747966:cp_370314508:n_o:d_c&msclkid=01f2d353d8ce14c9a70cb9f3a9ebbd40&utm_source=bing&utm_medium=cpc&utm_campaign=US%20-%20Exact&utm_term=d3%20online%20course&utm_content=d3,Y,
JavaScript,Online Courses / Structured Learning Paths,Intermediate,CS50's Web Programming with Python and JavaScript,cs50,N/A,N/A,1,N,Taking a web development JavaScript course online,,https://cs50.harvard.edu/web/,Y,
